<?xml version="1.0" encoding="utf-8"?>
<extension version="3.9.0" type="plugin" group="actionlog" method="upgrade">
	<name>Action Log - Events Booking</name>
	<author>Tuan Pham Ngoc</author>
    <creationDate>October 2012</creationDate>
    <copyright>Ossolution Team</copyright>
    <license>http://www.gnu.org/licenses/gpl-2.0.html GNU/GPL</license>
    <authorEmail>services@joomdonation.com</authorEmail>
    <authorUrl>www.joomdonation.com</authorUrl>
    <version>3.12.1</version>
    <description>Automatically log user actions performed on Events Booking component inside Joomla! User Actions Log</description>
	<files>
		<filename plugin="eventbooking">eventbooking.php</filename>
	</files>
	<languages folder="language">
		<language tag="en-GB">en-GB/en-GB.plg_actionlog_eventbooking.ini</language>
	</languages>
</extension>