<?xml version="1.0" encoding="utf-8"?>
<extension type="module" version="3.5" client="site" method="upgrade">
    <name>Events Booking - Events Slider</name>
    <author>Tuan Pham Ngoc</author>
    <creationDate>Aug 2010</creationDate>
    <copyright>Ossolution Team</copyright>
    <license>Commercial</license>
    <authorEmail>tuanpn@joomdonation.com</authorEmail>
    <authorUrl>joomdonation.com</authorUrl>
    <version>3.12.3</version>
    <description>This module display events in a slider.</description>
    <files>
        <filename module="mod_eb_slider">mod_eb_slider.php</filename>
        <filename>helper.php</filename>
        <folder>tmpl</folder>
        <folder>assets</folder>
    </files>
    <config>
        <fields name="params">
            <fieldset name="basic" addfieldpath="/administrator/components/com_eventbooking/elements">
                <field
                        name="moduleclass_sfx"
                        type="textarea"
                        label="COM_MODULES_FIELD_MODULECLASS_SFX_LABEL"
                        description="COM_MODULES_FIELD_MODULECLASS_SFX_DESC"
                        rows="3"
                />
                <field name="display_event_type" type="list" label="Display Event Type"
                       description="Choose whether to show or hide location of events in the module"
                       default="upcoming_events">
                    <option value="upcoming_events">Upcoming Events</option>
                    <option value="past_events">Past Events</option>
                    <option value="all">All</option>
                </field>
                <field name="show_short_description" type="list"
                       label="Show Short Description"
                       description="Choose to show or hide short description in the horizontal layout" default="1">
                    <option value="1">Yes</option>
                    <option value="0">No</option>
                </field>
                <field name="only_show_featured_events" type="list" label="Only Show Featured Events"
                       description="If set to Yes, only featured events will be shown on this module" default="0">
                    <option value="1">Yes</option>
                    <option value="0">No</option>
                </field>
                <field name="category_ids" type="ebcategory" multiple="true"
                       label="Categories"
                       description="Enter List of Category which you want to display events, comma separated">
                </field>
                <field name="exclude_category_ids" type="ebcategory" multiple="true"
                       label="Exclude Categories"
                       description="Select categories which you want to exclude events from">
                </field>
                <field name="location_id" type="eblocation" multiple="true" size="3" default="0" label="Locations"
                       description="Choose the locations which you want to display events">
                </field>
                <field name="created_by" type="user" size="3" default="0" label="Created By"
                       description="If you select a user here, the module will only display events created by the selected user">
                </field>
                <field name="show_children_events" type="list" label="Show children events"
                       description="Choose whether to show or hide children events in the module" default="1">
                    <option value="1">Yes</option>
                    <option value="0">No</option>
                </field>
                <field name="duration_filter" type="list" default="" label="Duration Filter">
                    <option value="">All Dates</option>
                    <option value="today">Today</option>
                    <option value="tomorrow">Tomorrow</option>
                    <option value="this_week">This Week</option>
                    <option value="next_week">Next Week</option>
                    <option value="this_month">This Month</option>
                    <option value="next_month">Next Month</option>
                </field>
                <field name="number_events" type="text"
                       label="Number Events" description="Number of events to be showed on the module" default="6">
                </field>
                <field name="order_by" type="list" default="a.event_date" label="Order By"
                       description="Choose how to sort/order events for this menu item">
                    <option value="a.title">Event Title</option>
                    <option value="a.event_date">Event Date</option>
                    <option value="a.ordering">Ordering</option>
                </field>
                <field name="order_direction" type="list" default="ASC" label="Order Direction"
                       description="Choose how to sort/order events for this menu item">
                    <option value="ASC">ASC</option>
                    <option value="DESC">DESC</option>
                </field>
                <field name="item_id" type="text"
                       label="Menu Item ID" description="Menu Item ID" default="">
                </field>
            </fieldset>
            <fieldset name="slider_settings" label="Slider Settings">
                <field name="number_items" type="text"
                       label="Number Items" description="Number of slides being displayed in the viewport" default="3"/>
                <field
                        name="autoplay"
                        type="radio"
                        label="Auto Play"
                        class="btn-group btn-group-yesno"
                        default="1"
                        filter="integer"
                >
                    <option value="1">JYES</option>
                    <option value="0">JNO</option>
                </field>
                <field name="speed" type="text"
                       label="Speed" default="300"/>
            </fieldset>
            <fieldset name="responsive_settings" label="Responsive Settings">
                <field name="number_items_xs" type="text"
                       label="Number Items Extra Small Viewport"
                       description="Number of slides being displayed In Extra Small viewport (portrait phones, less than 576px)"
                       default="0"/>
                <field name="number_items_sm" type="text"
                       label="Number Items Small Viewport"
                       description="Number of slides being displayed In Small viewport (landscape phones, less than 768px)"
                       default="0"/>
                <field name="number_items_md" type="text"
                       label="Number Items Medium Viewport"
                       description="Number of slides being displayed In Medium viewport (tablets, less than 992px)"
                       default="0"/>
                <field name="number_items_lg" type="text"
                       label="Number Items Large Viewport"
                       description="Number of slides being displayed In Large viewport (desktops, less than 1200px)"
                       default="0"/>
            </fieldset>
        </fields>
    </config>
</extension>