<?xml version="1.0" encoding="utf-8"?>
<extension version="2.5.0" type="plugin" group="eventbooking" method="upgrade">
    <name>Events Booking - Spout (XLSX/CSV Handle)</name>
    <author>Tuan Pham Ngoc</author>
    <authorEmail>tuanpn@joomdonation.com</authorEmail>
    <authorUrl>http://www.joomdonation.com</authorUrl>
    <copyright>Copyright (C) 2012 - 2021 Ossolution Team</copyright>
    <license>GNU General Public License version 3, or later</license>
    <creationDate>June 2021</creationDate>
    <version>3.15.3</version>
    <description>This plugin uses Spout library to manipulate XLSX/CSV data for better performance and compatible with PHP 8.</description>
    <files>
        <filename plugin="spout">spout.php</filename>
		<folder>spout</folder>
		<folder>data</folder>
    </files>    
</extension>