<?xml version="1.0" encoding="utf-8"?>
<extension version="3.1" type="plugin" group="content" method="upgrade">
    <name>Content  - Events Booking Stip EasyImage</name>
    <author>Ossolution Team</author>
    <creationDate>Jul 2020</creationDate>
    <copyright>Ossolution Team</copyright>
    <license>http://www.gnu.org/licenses/gpl-2.0.html GNU/GPL</license>
    <authorEmail>tuanpn@joomdonation.com</authorEmail>
    <authorUrl>www.joomdonation.com</authorUrl>
    <version>3.17.0</version>
    <files>        
        <filename plugin="ebstipeasyimage">ebstipeasyimage.php</filename>
    </files>    
    <config>
        <fields name="params">
            <fieldset name="basic">
                <field
                        name="event_image_width"
                        type="text" default="800"
                        filter="integer"
                        label="Event Image Width"                        
                />                    
				<field
                        name="event_image_height"
                        type="text" default="600"
                        filter="integer"
                        label="Event Image Height"                        
                />                                    
            </fieldset>
        </fields>
    </config>    
</extension>