<?xml version="1.0" encoding="utf-8"?>
<extension version="3.9.0" type="plugin" group="eventbooking" method="upgrade">
	<name>Events Booking - Membership Pro</name>
	<author>Tuan Pham Ngoc</author>
	<authorEmail>contact@joomdonation.com</authorEmail>
	<authorUrl>http://www.joomdonation.com</authorUrl>
	<copyright>Copyright (C) 2010 - 2021 Ossolution Team</copyright>
	<license>GNU General Public License version 3, or later</license>
	<creationDate>December 2015</creationDate>
	<version>3.12.1</version>
	<description>This plugin is used to get data of user from Membersip Pro to fill-in registration form automatically</description>
	<files>
		<filename plugin="membershippro">membershippro.php</filename>
	</files>
	<params />
	<config />		
</extension>
