<?xml version="1.0" encoding="utf-8"?>
<extension version="3.9.0" type="plugin" group="eventbooking" method="upgrade">
    <name>Events Booking - Event Dependencies</name>
    <author>Tuan Pham Ngoc</author>
    <creationDate>February 2019</creationDate>
    <copyright>Ossolution Team</copyright>
    <license>http://www.gnu.org/licenses/gpl-2.0.html GNU/GPL</license>
    <authorEmail>tuanpn@joomdonation.com</authorEmail>
    <authorUrl>www.joomdonation.com</authorUrl>
    <version>3.12.1</version>
    <description>This plugin allows you to setup dependencies for an event. When an event has dependency, users can only register for this event if he has registered for all the dependencies event.</description>
    <files>
        <filename plugin="dependencies">dependencies.php</filename>
    </files>
    <config>
        <fields name="params">
            <fieldset name="basic">
                <field
                        name="show_on_frontend"
                        type="radio"
                        label="Show on frontend"
                        description="If set to Yes, this plugin will be available on frontend event submission form"
                        class="btn-group btn-group-yesno"
                        default="0"
                >
                    <option value="1">JYES</option>
                    <option value="0">JNO</option>
                </field>
            </fieldset>
        </fields>
    </config>
    <languages folder="language">
        <language tag="en-GB">en-GB.plg_eventbooking_dependencies.ini</language>
    </languages>
    <params/>
    <config/>
</extension>
