<?xml version="1.0" encoding="utf-8"?>
<extension version="3.9.0" type="plugin" group="eventbooking" method="upgrade">
	<name>Events Booking - CB</name>
	<author>Tuan Pham Ngoc</author>
	<creationDate>Apirl 2012</creationDate>
	<copyright>Ossolution Team</copyright>
	<license>http://www.gnu.org/licenses/gpl-2.0.html GNU/GPL</license>
	<authorEmail>contact@joomdonation.com</authorEmail>
	<authorUrl>www.joomdonation.com</authorUrl>
	<version>3.12.1</version>
	<description>This plugin is used to create a CB account for user when they register for an Event in Events Booking</description>
	<files>
		<filename plugin="cb">cb.php</filename>
	</files>
	<config>
		<fields name="params">
			<fieldset name="basic">
				<field
						name="update_cb_data"
						type="radio"
						label="Update CB Data"
						description="If set to Yes, this pluin will update data which users entered on registration form back to CB user profile"
						class="btn-group btn-group-yesno"
						default="1"
				>
					<option value="1">JYES</option>
					<option value="0">JNO</option>
				</field>
			</fieldset>
		</fields>
	</config>
</extension>