<?xml version="1.0" encoding="utf-8"?>
<extension version="3.9.0" type="plugin" group="eventbooking" method="upgrade">
    <name>Events Booking - Map</name>
    <author>Tuan Pham Ngoc</author>
    <creationDate>October 2012</creationDate>
    <copyright>Ossolution Team</copyright>
    <license>http://www.gnu.org/licenses/gpl-2.0.html GNU/GPL</license>
    <authorEmail>contact@joomdonation.com</authorEmail>
    <authorUrl>www.joomdonation.com</authorUrl>
    <version>3.17.0</version>
    <description></description>
    <files>
        <filename plugin="map">map.php</filename>
    </files>
    <config>
        <fields name="params">
            <fieldset name="basic">
                <field name="map_height" type="text" default="500" description="" label="Map height"></field>
                <field
					name="disable_zoom"
					type="radio"
					default="1"
					class="btn-group btn-group-yesno"
					label="Disable scrollwheel"
					description="Set to Yes to disable mouse scroll-wheel scaling with Google Maps API">
					<option value="1">JYES</option>
					<option value="0">JNO</option>
				</field>
                <field name="output_position" type="list" label="Output Position"
                       description="Choose output position for the plugin on event details page" default="after_register_buttons">
                    <option value="before_register_buttons">Before register buttons - displays in horizontal</option>
                    <option value="after_register_buttons">After register buttons - displays in tabs(</option>
                </field>
            </fieldset>

        </fields>
    </config>
</extension>
