<?xml version="1.0" encoding="utf-8"?>
<extension version="3.9.0" type="plugin" group="eventbooking" method="upgrade">
	<name>Events Booking - Google Structured Data</name>
	<author>Tuan Pham Ngoc</author>
	<creationDate>November 2018</creationDate>
	<copyright>Ossolution Team</copyright>
	<license>http://www.gnu.org/licenses/gpl-2.0.html GNU/GPL</license>
	<authorEmail>services@joomdonation.com</authorEmail>
	<authorUrl>www.joomdonation.com</authorUrl>
	<version>3.17.0</version>
	<description>This plugin allow adding google structured data to events list and event details page.</description>
	<files>
		<filename plugin="gsdata">gsdata.php</filename>
	</files>			
</extension>
