<?xml version="1.0" encoding="utf-8"?>
<extension version="3.9.0" type="plugin" group="user" method="upgrade">
	<name>User - Events Booking</name>
	<author>Tuan Pham Ngoc</author>
	<authorEmail>tuanpn@joomdonation.com</authorEmail>
	<authorUrl>http://www.joomdonation.com</authorUrl>
	<copyright>Copyright (C) 2012 - 2018 Ossolution Team</copyright>
	<license>GNU General Public License version 3, or later</license>
	<creationDate>Sept 2015</creationDate>
	<version>3.12.1</version>
	<description>This plugin is used to add users to delete user's events and registrations when their account is deleted.</description>
	<files>
		<filename plugin="eventbooking">eventbooking.php</filename>
	</files>	
	<config>
		<fields name="params">
			<fieldset name="basic">
				<field
					name="delete_user_events"
					type="radio"
					label="Delete user's events"
					description="Set to Yes if you want to delete user's events when their account is being deleted"
					default="0"
					class="btn-group btn-group-yesno"
					>
					<option value="1">JYES</option>
					<option value="0">JNO</option>
				</field>
				<field
					name="delete_user_registrations"
					type="radio"
					label="Delete user's registrations"
					description="Set to Yes if you want to delete user's registrations when their account is being deleted"
					default="0"
					class="btn-group btn-group-yesno"
					>
					<option value="1">JYES</option>
					<option value="0">JNO</option>
				</field>
			</fieldset>
		</fields>
	</config>
</extension>
