<?xml version="1.0" encoding="utf-8"?>
<extension version="3.9.0" type="plugin" group="eventbooking" method="upgrade">
    <name>Events Booking - Attachments</name>
    <author>Tuan Pham Ngoc</author>
    <creationDate>June 2019</creationDate>
    <copyright>Ossolution Team</copyright>
    <license>http://www.gnu.org/licenses/gpl-2.0.html GNU/GPL</license>
    <authorEmail>tuanpn@joomdonation.com</authorEmail>
    <authorUrl>www.joomdonation.com</authorUrl>
    <version>3.12.1</version>
    <files>
        <filename plugin="attachments">attachments.php</filename>
        <folder>form</folder>
    </files>
</extension>
