<?xml version="1.0" encoding="utf-8"?>
<extension version="3.9.0" type="plugin" group="eventbookingsms" method="upgrade">
    <name>Events Booking SMS - Clockwork</name>
    <author>Tuan Pham Ngoc</author>
    <creationDate>August 2020</creationDate>
    <copyright>Ossolution Team</copyright>
    <license>http://www.gnu.org/licenses/gpl-2.0.html GNU/GPL</license>
    <authorEmail>tuanpn@joomdonation.com</authorEmail>
    <authorUrl>joomdonation.com</authorUrl>
    <version>3.12.3</version>
    <description>This plugin is used to send SMS Reminder To Events Booking Registrants using Clockwork SMS Gateway.</description>
    <files>
        <filename plugin="clockwork">clockwork.php</filename>
		<folder>clockwork</folder>
    </files>
    <config>
        <fields name="params">
            <fieldset name="basic">
                <field name="api_key" type="text" size="60" label="API Key" />
            </fieldset>
        </fields>
    </config>            
</extension>