<?xml version="1.0" encoding="utf-8"?>
<extension version="3.9.0" type="plugin" group="eventbooking" method="upgrade">
    <name>Events Booking - Fee Fields Generator</name>
    <author>Tuan Pham Ngoc</author>
    <creationDate>Mar 2016</creationDate>    
    <authorEmail>tuanpn@joomdonation.com</authorEmail>
    <authorUrl>http://www.joomdonation.com</authorUrl>
    <copyright>Copyright (C) 2010 - 2021 Ossolution Team</copyright>
    <license>http://www.gnu.org/licenses/gpl-2.0.html GNU/GPL</license>
    <version>2.3.0</version>
    <description>This plugin will custom fee field for each event based on pricing options entered in event's custom fields section. It is useful in case your event has different price options like Adult Children Price</description>
    <files>
        <filename plugin="field">field.php</filename>
    </files>
    <config>
        <fields name="params">
            <fieldset name="basic" addfieldpath="/administrator/components/com_eventbooking/elements">
                <field name="field_title" type="text" size="60" label="Field Title"
                       description="Enter Title Of the custom field" default="Ticket Type"></field>
                <field name="field_values" type="textarea" label="Field Values"
                       description="Enter Pricing Options, each option in one line"></field>
                <field name="field_ordering" type="ebfield" size="60" label="Field Ordering"
                       description="Select The Field This custom field will be located after" default=""></field>
                <field name="price_fields" type="ebeventfield" size="60" label="Price Fields"
					   multiple="true"	
                       description="Select the custom fields which will be used to generate fee options"
                       default=""></field>
            </fieldset>
        </fields>
    </config>
</extension>