<?xml version="1.0" encoding="utf-8"?>
<extension version="3.9.0" type="plugin" group="eventbooking" method="upgrade">
    <name>Events Booking - Auto register</name>
    <author>Tuan Pham Ngoc</author>
    <creationDate>Match 2018</creationDate>
    <author>Tuan Pham Ngoc</author>
    <authorEmail>tuanpn@joomdonation.com</authorEmail>
    <authorUrl>http://www.joomdonation.com</authorUrl>
    <copyright>Copyright (C) 2010 - 2021 Ossolution Team</copyright>
    <license>http://www.gnu.org/licenses/gpl-2.0.html GNU/GPL</license>
    <version>3.12.1</version>
    <description>This plugin auto register registrants of an event into other events</description>
    <files>
        <filename plugin="autoregister">autoregister.php</filename>
    </files>
    <config>
        <fields name="params">
            <fieldset name="basic">
                <field
                        name="check_accept_registration"
                        type="radio"
                        label="Check Accept Registration"
                        description="If Set to No, the system will ignore accept registration check and always subscribe users to the event, even if that event has registration disabled."
                        class="btn-group btn-group-yesno"
                        default="1"
                >
                    <option value="1">JYES</option>
                    <option value="0">JNO</option>
                </field>
                <field
                        name="send_email"
                        type="radio"
                        label="Send Notification Email"
                        description="If set to Yes, the system will send notification email to admin and user for every registration which he is auto-registered"
                        class="btn-group btn-group-yesno"
                        default="0"
                >
                    <option value="1">JYES</option>
                    <option value="0">JNO</option>
                </field>
                <field
                        name="show_on_frontend"
                        type="radio"
                        label="Show on frontend"
                        description="If set to Yes, this plugin will be available on frontend event submission form"
                        class="btn-group btn-group-yesno"
                        default="0"
                >
                    <option value="1">JYES</option>
                    <option value="0">JNO</option>
                </field>
            </fieldset>
        </fields>
    </config>
</extension>