<?xml version="1.0" encoding="utf-8"?>
<extension version="3.9.0" type="plugin" group="finder" method="upgrade">
	<name>Smart Search - Events Booking</name>
	<author>Tuan Pham Ngoc</author>
	<creationDate>October 2017</creationDate>
	<copyright>Ossolution Team</copyright>
	<license>http://www.gnu.org/licenses/gpl-2.0.html GNU/GPL</license>
	<authorEmail>tuanpn@joomdonation.com</authorEmail>
	<authorUrl>www.joomdonation.com</authorUrl>
	<description>This plugin indexes events in Events Booking extension.</description>
	<files>
		<file plugin="eventbooking">eventbooking.php</file>    	
	</files>
</extension>
