<?xml version="1.0" encoding="utf-8"?>
<extension version="3.9.0" type="plugin" group="eventbooking" method="upgrade">
	<name>Events Booking - Sponsors</name>
	<author>Tuan Pham Ngoc</author>
	<creationDate>July 2018</creationDate>
	<copyright>Ossolution Team</copyright>
	<license>http://www.gnu.org/licenses/gpl-2.0.html GNU/GPL</license>
	<authorEmail>services@joomdonation.com</authorEmail>
	<authorUrl>www.joomdonation.com</authorUrl>
	<version>3.17.0</version>
	<description>This plugin allow adding and displaying sponsors for an event.</description>
	<files>
		<filename plugin="sponsors">sponsors.php</filename>
		<folder>form</folder>
	</files>
	<config>
		<fields name="params">
			<fieldset name="basic">
				<field name="output_position" type="list" label="Output Position"
					   description="Choose output position for the plugin on event details page" default="before_register_buttons">
					<option value="before_register_buttons">Before register buttons - displays in horizontal</option>
					<option value="after_register_buttons">After register buttons - displays in tabs(</option>
				</field>
				<field
						name="order_sponsors_by_name"
						type="radio"
						label="Order Sponsors By Name"
						class="btn-group btn-group-yesno"
						default="0"
				>
					<option value="1">JYES</option>
					<option value="0">JNO</option>
				</field>
				<field
						name="show_on_frontend"
						type="radio"
						label="Show on frontend"
						description="If set to Yes, this plugin will be available on frontend event submission form"
						class="btn-group btn-group-yesno"
						default="0"
				>
					<option value="1">JYES</option>
					<option value="0">JNO</option>
				</field>
			</fieldset>
		</fields>
	</config>
</extension>