<?xml version="1.0" encoding="utf-8"?>
<extension version="3.9.0" type="plugin" group="eventbooking" method="upgrade">
	<name>Events Booking - Additional Dates</name>
	<author>Tuan Pham Ngoc</author>
	<creationDate>May 2016</creationDate>
	<copyright>Ossolution Team</copyright>
	<license>http://www.gnu.org/licenses/gpl-2.0.html GNU/GPL</license>
	<authorEmail>services@joomdonation.com</authorEmail>
	<authorUrl>www.joomdonation.com</authorUrl>
	<version>3.17.0</version>
	<description>This plugin allow adding additional dates to an existing event.</description>
	<files>
		<filename plugin="dates">dates.php</filename>
		<folder>field</folder>
		<folder>form</folder>
	</files>		
	<config>
        <fields name="params">
            <fieldset name="basic">
                <field name="max_number_dates" type="text" size="60" default="3" label="Max Number Dates" description="Enter max number of dates you can add to an event" />
				<field
					name="show_on_frontend"
					type="radio"
					label="Show on frontend"
					description="If set to Yes, this plugin will be available on frontend event submission form"
					class="btn-group btn-group-yesno"
					default="0"
				>
					<option value="1">JYES</option>
					<option value="0">JNO</option>
				</field>
				<field
						name="default_update_data_from_main_event_checkbox_status"
						type="radio"
						label="Default Update Data From Main Event Checkbox Status"
						description=""
						class="btn-group btn-group-yesno"
						default="1"
				>
					<option value="1">Checked</option>
					<option value="0">UnChecked</option>
				</field>
            </fieldset>
        </fields>
    </config>		
</extension>
