<?xml version="1.0" encoding="utf-8"?>
<extension version="3.9.0" type="plugin" group="eventbooking" method="upgrade">
	<name>Events Booking - System (DO NOT UNPUBLISH)</name>
	<author>Tuan Pham Ngoc</author>
	<creationDate>Aug 2016</creationDate>
	<copyright>Ossolution Team</copyright>
	<license>http://www.gnu.org/licenses/gpl-2.0.html GNU/GPL</license>
	<authorEmail>contact@joomdonation.com</authorEmail>
	<authorUrl>www.joomdonation.com</authorUrl>
	<version>3.17.0</version>
	<description>This plugin is used to perform various tasks (generate invoice numbers, update registration records in cart mode...). It is needed for Events Booking to work properly, so please DO NOT UNPUBLISH</description>
	<files>
		<filename plugin="system">system.php</filename>
	</files>	
</extension>
