<?xml version="1.0" encoding="utf-8"?>
<extension version="3.9.0" type="plugin" group="system" method="upgrade">
	<name>System - Events Booking SMS</name>
	<author>Tuan Pham Ngoc</author>
	<creationDate>August 2020</creationDate>
	<copyright>Copyright (C) 2010 - 2021 Ossolution Team. All rights reserved.</copyright>
	<license>GNU General Public License version 2 or later; see LICENSE.txt</license>
	<authorEmail>tuanpn@joomdonation.com</authorEmail>
	<authorUrl>www.joomdonation.com</authorUrl>
	<version>3.12.3</version>
	<description>This plugin is used to send SMS reminder to registrants of your events. It also sends SMS notification to admin when someone registers for your events.</description>
	<files>
		<filename plugin="eventbookingsms">eventbookingsms.php</filename>
	</files>	
	<config>
		<fields name="params">
			<fieldset name="basic">
				<field name="last_run" label="Last Run Time" type="hidden" readonly="true" size="30" description="Store Last Run Time of the plugin" />
				<field name="cache_time" label="Cache Time (Minutes)" type="number" min="0" step="1" default="20"/>
				<field name="phones" label="Administrator Phone Numbers" type="text" class="input-xlarge" default="" description="Enter phone numbers of administrators who want to receive SMS notification when someone register for your events. Multiple phone numbers are supported, just separate them by comment" />
				<field name="number_registrants" label="Number Registrants" type="text" size="30" default="15" description="Number of registrants which we will send reminder each time the plugin run" />
				<field name="time_ranges" label="Time Ranges" type="text" size="30" default="" description="If you want to send SMS to registrants within certain time ranges, use this parameter. For example, set it to 5,14 will make the system only send SMS reminder from 5am to 2pm. Set it to 8,10;14:18 will allow sending SMS reminders between 8 to 10 am and 2pm to 6pm." />
				<field
						name="send_to_group_billing"
						type="radio"
						label="Send to group billing"
						description="If set to Yes, the group billing person of group registration will receive reminder emails"
						class="btn-group btn-group-yesno"
						default="1"
				>
					<option value="1">JYES</option>
					<option value="0">JNO</option>
				</field>
				<field
						name="send_to_group_members"
						type="radio"
						label="Send to group members"
						description="If set to Yes, group members of a group registration will receive reminder emails"
						class="btn-group btn-group-yesno"
						default="1"
				>
					<option value="1">JYES</option>
					<option value="0">JNO</option>
				</field>
				<field
						name="send_to_unpublished_events"
						type="radio"
						label="Send to unpublished events"
						description="If set to Yes, reminder emails will be sent to registrants of unpublish events"
						class="btn-group btn-group-yesno"
						default="0"
				>
					<option value="1">JYES</option>
					<option value="0">JNO</option>
				</field>
				<field
						name="only_send_to_paid_registrants"
						type="radio"
						label="Only send to paid registrants"
						description="If set to Yes, reminder emails will only be sent to registrants with Registration Status Paid. Registrants with Pending Status (don't make payment) won't receive reminder emails"
						class="btn-group btn-group-yesno"
						default="0"
				>
					<option value="1">JYES</option>
					<option value="0">JNO</option>
				</field>
				<field
						name="only_send_to_checked_in_registrants"
						type="radio"
						label="Only send to checked in registrants"
						description="If set to Yes, reminder emails will only be sent to checked in registrants. In this case, none checked-in registrants won't receive reminder email"
						class="btn-group btn-group-yesno"
						default="0"
				>
					<option value="1">JYES</option>
					<option value="0">JNO</option>
				</field>
				<field name="trigger_reminder_code" label="Trigger Reminder Code (Leave empty unless you are using cron job to send reminder)" type="text" size="30" default="" description="Enter a secret string here if you want to use cron job to trigger sending reminder. Refer to our documentation for more details" />
			</fieldset>
		</fields>
	</config>	
</extension>
