<?xml version="1.0" encoding="utf-8"?>
<extension version="3.9.0" type="plugin" group="eventbooking" method="upgrade">
	<name>Events Booking - Jcomments</name>
	<author>Tuan Pham Ngoc</author>
	<creationDate>October 2012</creationDate>
	<copyright>Ossolution Team</copyright>
	<license>http://www.gnu.org/licenses/gpl-2.0.html GNU/GPL</license>
	<authorEmail>contact@joomdonation.com</authorEmail>
	<authorUrl>www.joomdonation.com</authorUrl>
	<version>3.17.0</version>
	<description></description>
	<files>
		<filename plugin="jcomments">jcomments.php</filename>
	</files>
	<config>
		<fields name="params">
			<fieldset name="basic">
				<field name="output_position" type="list" label="Output Position"
					   description="Choose output position for the plugin on event details page" default="after_register_buttons">
					<option value="before_register_buttons">Before register buttons - displays in horizontal</option>
					<option value="after_register_buttons">After register buttons - displays in tabs(</option>
				</field>
			</fieldset>
		</fields>
	</config>
</extension>
