<?xml version="1.0" encoding="utf-8"?>
<extension type="module" client="administrator" method="upgrade" version="3.7.0" position="cpanel">
<name>Events Booking - Latest Registrants</name>
<author>JoomlaWorks</author>
<creationDate>February 19 2019</creationDate>
<copyright>Copyright (c) 2006 - 2018 JoomlaWorks Ltd. All rights reserved.</copyright>
<authorEmail>tuanpn@joomdonation.com</authorEmail>
<authorUrl>www.joomdonation.com</authorUrl>
<version>3.12.1</version>
<description>Display Latest Registrants from Events Booking.</description>
<files>
    <filename module="mod_eb_registrants">mod_eb_registrants.php</filename>
    <folder>tmpl</folder>
</files>
<config>
    <fields name="params">
        <fieldset name="basic">
            <field
                    name="count"
                    type="number"
                    label="Number Registrants"
                    description="Number Registrants which will be displayed in the module"
                    default="5"
                    filter="integer"
            />
        </fieldset>
    </fields>
</config>
</extension>
