<?xml version="1.0" encoding="utf-8"?>
<extension version="3.9.0" type="plugin" group="eventbooking" method="upgrade">
	<name>Events Booking - Userprofile</name>
	<author>Tuan Pham Ngoc</author>
	<authorEmail>tuanpn@joomdonation.com</authorEmail>
	<authorUrl>http://www.joomdonation.com</authorUrl>
	<copyright>Copyright (C) 2010 - 2021 Ossolution Team</copyright>
	<license>GNU General Public License version 3, or later</license>
	<creationDate>December 2012</creationDate>
	<version>3.12.1</version>
	<description>This plugin is used to add registrants to Joomla User profile when they register for an event in Events Booking.</description>
	<files>
		<filename plugin="userprofile">userprofile.php</filename>
	</files>
	<params />
	<config />		
</extension>
