<?xml version="1.0" encoding="utf-8"?>
<extension version="3.9.0" type="plugin" group="eventbookingsms" method="upgrade">
    <name>Events Booking SMS - Textlocal</name>
    <author>Tuan Pham Ngoc</author>
    <creationDate>August 2020</creationDate>
    <copyright>Ossolution Team</copyright>
    <license>http://www.gnu.org/licenses/gpl-2.0.html GNU/GPL</license>
    <authorEmail>tuanpn@joomdonation.com</authorEmail>
    <authorUrl>joomdonation.com</authorUrl>
    <version>3.12.3</version>
    <description>This plugin is used to send SMS Reminder To Events Booking Registrants using Textlocal SMS Gateway.</description>
    <files>
        <filename plugin="textlocal">textlocal.php</filename>		
    </files>
    <config>
        <fields name="params">
            <fieldset name="basic">
                <field name="api_key" type="text" size="60" label="API Key" />                
                <field name="sender" type="text" size="60" label="Sender" default="TXTLCL" description="If you have a promotional account, do not send this parameter. If you have a transactional account, use this field to specify the sender name for your message. Sender name must be 6 alpha characters and should be pre-approved by Textlocal. In the absence of approved sender names, use the default 'TXTLCL'" />
            </fieldset>
        </fields>
    </config>            
</extension>