<?xml version="1.0" encoding="utf-8"?>
<extension version="3.9.0" type="plugin" group="eventbooking" method="upgrade">
    <name>Events Booking - Joomla Groups</name>
    <author>Tuan Pham Ngoc</author>
    <creationDate>Apirl 2012</creationDate>
    <copyright>Ossolution Team</copyright>
    <license>http://www.gnu.org/licenses/gpl-2.0.html GNU/GPL</license>
    <authorEmail>contact@joomdonation.com</authorEmail>
    <authorUrl>www.joomdonation.com</authorUrl>
    <version>3.17.0</version>
    <description>This plugin is used to assign users to Joomla Groups when they subscribe to a Event in Event Booking
    </description>
    <files>
        <filename plugin="joomlagroups">joomlagroups.php</filename>
    </files>
    <languages>
        <language tag="en-GB">en-GB.plg_eventbooking_joomlagroups.ini</language>
    </languages>
    <config>
        <fields name="params">
            <fieldset name="basic">
                <field
                        name="default_user_groups"
                        type="usergrouplist"
                        label="Default User Groups"
                        multiple="true"
                        description="If you select default user groups here, registrants will be assigned to these default user groups if user groups is not setup for that event"
                />
                <field
                        name="assign_offline_pending_registrants"
                        type="radio"
                        label="Assign Offline Payment Registrants"
                        description="If set to Yes, users who use offline payment for their registration will be assigned to the configured user groups after registration completed. If set to No, they will be assigned to these groups when registration is approved"
                        class="btn-group btn-group-yesno"
                        default="0"
                >
                    <option value="1">JYES</option>
                    <option value="0">JNO</option>
                </field>
                <field
                        name="show_on_frontend"
                        type="radio"
                        label="Show on frontend"
                        description="If set to Yes, this plugin will be available on frontend event submission form"
                        class="btn-group btn-group-yesno"
                        default="0"
                >
                    <option value="1">JYES</option>
                    <option value="0">JNO</option>
                </field>
            </fieldset>
        </fields>
    </config>
</extension>
