<?xml version="1.0" encoding="utf-8"?>
<extension version="3.9.0" type="plugin" group="content" method="upgrade">
	<name>Content - Events Booking Content Restriction</name>
	<author>Tuan Pham Ngoc</author>
	<authorEmail>tuanpn@joomdonation.com</authorEmail>
	<authorUrl>http://www.joomdonation.com</authorUrl>
	<copyright>Copyright (C) 2010 - 2021 Ossolution Team</copyright>
	<license>GNU General Public License version 3, or later</license>
	<creationDate>Nov 2012</creationDate>
	<version>3.12.1</version>
	<description>This plugin allows you to restrict access to part of content for registrants using one of the syntax: {ebrestriction ids="EVENT_IDS"}CONTENT_WANT_TO_RESTRICT{/ebrestriction} syntax.OR {ebrestriction ids="*"}CONTENT_WANT_TO_RESTRICT{/ebrestriction} syntax.</description>
	<files>
		<filename plugin="ebrestriction">ebrestriction.php</filename>
	</files>		
</extension>