<?xml version="1.0" encoding="utf-8"?>
<extension type="module" version="3.5" client="site" method="upgrade">
	<name>Events Booking - Event Categories</name>
	<author>Tuan Pham Ngoc</author>
	<creationDate>Aug 2010</creationDate>
	<copyright>Ossolution Team</copyright>
	<license>GPL</license>
	<authorEmail>contact@joomdonation.com</authorEmail>
	<authorUrl>www.joomdonation.com</authorUrl>
	<version>3.12.1</version>
	<description>This module is used to display categories in Event Booking Extension</description>
	<files>		
		<filename module="mod_eb_category">mod_eb_category.php</filename>		
		<filename module="mod_eb_category">tmpl/default.php</filename>		
	</files>		
	<config>
		<fields name="params" addfieldpath="/administrator/components/com_eventbooking/elements">
			<fieldset name="basic">
						<field name="moduleclass_sfx" type="text"
							label="Module Class Suffix" description="PARAMMODULECLASSSUFFIX">
						</field>
						<field name="parent_id" type="text"
							label="Parent Category Id" description="" default="0">
						</field>
						<field name="category_ids" type="ebcategory" multiple="true" label="Categories" description="Select categories which you want to display events from. If no categories selected, events from all categories will be displayed" />
						<field name="exclude_category_ids" type="ebcategory" multiple="true" label="Exclude Categories" description="Select categories which you want to exclude events from" />
						<field name="number_categories" type="text"
							label="Number Categories" description="Number of Categories to be showed on the module" default="0">
						</field>
						<field name="item_id" type="text"
							label="Item ID" description="Menu ItemID" default="">
						</field>				
			</fieldset>
		</fields>		
	</config>
</extension>
