<?xml version="1.0" encoding="utf-8"?>
<extension version="3.9.0" type="plugin" group="content" method="upgrade">
    <name>Content - Events Booking Event</name>
    <author>Ossolution Team</author>
    <creationDate>Oct 2009</creationDate>
    <copyright>Ossolution Team</copyright>
    <license>http://www.gnu.org/licenses/gpl-2.0.html GNU/GPL</license>
    <authorEmail>contact@joomdonation.com</authorEmail>
    <authorUrl>www.joomdonation.com</authorUrl>
    <version>3.17.0</version>
    <description>This plugin is used to display event detail within a Joomla article</description>
    <files>
        <filename plugin="ebevent">ebevent.php</filename>        
    </files>
</extension>
