<?xml version="1.0" encoding="utf-8"?>
<access component="com_eventbooking">
	<section name="component">
		<action name="core.admin" title="JACTION_ADMIN" description="JACTION_ADMIN_COMPONENT_DESC" />
		<action name="core.manage" title="JACTION_MANAGE" description="JACTION_MANAGE_COMPONENT_DESC" />
		<action name="core.create" title="JACTION_CREATE" description="JACTION_CREATE_COMPONENT_DESC" />
		<action name="core.delete" title="JACTION_DELETE" description="JACTION_DELETE_COMPONENT_DESC" />
		<action name="core.edit" title="JACTION_EDIT" description="JACTION_EDIT_COMPONENT_DESC" />
		<action name="core.edit.state" title="JACTION_EDITSTATE" description="JACTION_EDITSTATE_COMPONENT_DESC" />
		<action name="core.edit.own" title="JACTION_EDITOWN" description="JACTION_EDITOWN_COMPONENT_DESC" />		
		<action name="eventbooking.addlocation" title="Front-end Locations Creation" description="Allows creating event locations from front-end" />
		<action name="eventbooking.addevent" title="Front-end event submission" description="Allows submitting events from front-end" />
		<action name="eventbooking.registrantsmanagement" title="Front-end Registrants Management" description="Allows managing registrants from front-end" />
		<action name="eventbooking.viewregistrantslist" title="View Registrants List" description="Allows viewing list of registrants of an event in the front-end" />
	</section>	
</access>