<?xml version="1.0" encoding="utf-8"?>
<extension type="module" version="3.5" client="site" method="upgrade">
    <name>Events Booking - Upcoming Events</name>
    <author>Tuan Pham Ngoc</author>
    <creationDate>Aug 2010</creationDate>
    <copyright>Ossolution Team</copyright>
    <license>Commercial</license>
    <authorEmail>contact@joomdonation.com</authorEmail>
    <authorUrl>www.joomdonation.com</authorUrl>
    <version>3.12.1</version>
    <description>This module is used to display up-coming events in Events Booking</description>
    <files>
        <filename module="mod_eb_events">mod_eb_events.php</filename>
        <filename module="mod_eb_events">helper.php</filename>
        <folder>tmpl</folder>
        <folder>css</folder>
    </files>
    <config>
        <fields name="params">
            <fieldset name="basic" addfieldpath="/administrator/components/com_eventbooking/elements">
                <field
                        name="moduleclass_sfx"
                        type="textarea"
                        label="COM_MODULES_FIELD_MODULECLASS_SFX_LABEL"
                        description="COM_MODULES_FIELD_MODULECLASS_SFX_DESC"
                        rows="3"
                />
                <field
                        name="layout"
                        type="modulelayout"
                        label="JFIELD_ALT_LAYOUT_LABEL"
                        description="JFIELD_ALT_MODULE_LAYOUT_DESC"
                />
                <field name="display_event_type" type="list" label="Display Event Type"
                       description="Choose whether to show or hide location of events in the module" default="upcoming_events">
                    <option value="upcoming_events">Upcoming Events</option>
                    <option value="past_events">Past Events</option>
                    <option value="all">All</option>
                </field>
                <field name="hide_past_events" showon="display_event_type:all" type="list" size="3" default="0"
                       label="Hide Past Events">
                    <option value="1">Yes</option>
                    <option value="0">No</option>
                </field>
                <field name="event_per_row" showon="layout:_:horizontal" type="text" size="3" default="2"
                       label="Number events per row" description="">
                </field>
                <field name="show_short_description" showon="layout:_:horizontal" type="list"
                       label="Show short description"
                       description="Choose to show or hide short description in the horizontal layout" default="1">
                    <option value="1">Yes</option>
                    <option value="0">No</option>
                </field>
                <field name="only_show_featured_events" type="list" label="Only Show Featured Events"
                       description="If set to Yes, only featured events will be shown on this module" default="0">
                    <option value="1">Yes</option>
                    <option value="0">No</option>
                </field>
                <field name="category_ids" type="ebcategory" multiple="true"
                       label="Categories"
                       description="Select categories which you want to display events">
                </field>
                <field name="exclude_category_ids" type="ebcategory" multiple="true"
                       label="Exclude Categories"
                       description="Select categories which you want to exclude events from">
                </field>
                <field name="location_id" type="eblocation" size="3" default="0" multiple="true" label="Locations"
                       description="Choose the locations which you want to display events">
                </field>
                <field name="created_by" type="user" size="3" default="0" label="Created By"
                       description="If you select a user here, the module will only display events created by the selected user">
                </field>

                <field name="show_category" type="list" label="Show Category"
                       description="Choose whether to show or hide category name in the module" default="1">
                    <option value="1">Yes</option>
                    <option value="0">No</option>
                </field>
                <field name="show_location" type="list" label="Show Location"
                       description="Choose whether to show or hide location of events in the module" default="0">
                    <option value="1">Yes</option>
                    <option value="0">No</option>
                </field>
                <field name="show_children_events" type="list" label="Show children events"
                       description="Choose whether to show or hide children events in the module" default="1">
                    <option value="1">Yes</option>
                    <option value="0">No</option>
                </field>
                <field name="show_thumb" type="list" label="Show Thumbnail"
                       description="Choose whether to show or hide thumbnail of events in the module" default="0">
                    <option value="1">Yes</option>
                    <option value="0">No</option>
                </field>
                <field name="show_price" type="list" label="Show Price"
                       description="Set to Yes will show price of the event" default="0">
                    <option value="1">Yes</option>
                    <option value="0">No</option>
                </field>
                <field name="title_linkable" type="list" label="Title Linkable"
                       description="If set to No, title of the event displayed in the module won't be linked to event details page" default="1">
                    <option value="1">Yes</option>
                    <option value="0">No</option>
                </field>
                <field name="link_event_to_registration_form" type="list" default="0" label="Link Event To Registration Form"
                       description="If set to Yes, click on title of event will redirect users to registration form of the event instead of showing event details page.">
                    <option value="0">No</option>
                    <option value="1">Yes</option>
                </field>
                <field name="duration_filter" type="list" default="" label="Duration Filter">
                    <option value="">All Dates</option>
                    <option value="today">Today</option>
                    <option value="tomorrow">Tomorrow</option>
                    <option value="this_week">This Week</option>
                    <option value="next_week">Next Week</option>
                    <option value="this_month">This Month</option>
                    <option value="next_month">Next Month</option>
                </field>
                <field name="number_events" type="text"
                       label="Number Events" description="Number of events to be showed on the module" default="6">
                </field>
                <field name="order_by" type="list" default="a.event_date" label="Order By"
                       description="Choose how to sort/order events for this menu item">
                    <option value="a.title">Event Title</option>
                    <option value="a.event_date">Event Date</option>
                    <option value="a.ordering">Ordering</option>
                </field>
                <field name="order_direction" type="list" default="ASC" label="Order Direction"
                       description="Choose how to sort/order events for this menu item">
                    <option value="ASC">ASC</option>
                    <option value="DESC">DESC</option>
                </field>
                <field name="item_id" type="text"
                       label="Menu Item ID" description="Menu Item ID" default="">
                </field>
            </fieldset>
        </fields>
    </config>
</extension>
