<?xml version="1.0" encoding="utf-8"?>
<extension version="3.9.0" type="plugin" group="content" method="upgrade">
    <name>Content - Events Booking Category</name>
    <author>Ossolution Team</author>
    <creationDate>Oct 2014</creationDate>
    <copyright>Copyright (C) 2010 - 1014 Ossolution Team</copyright>
    <license>http://www.gnu.org/licenses/gpl-2.0.html GNU/GPL</license>
    <authorEmail>services@joomdonation.com</authorEmail>
    <authorUrl>www.joomdonation.com</authorUrl>
    <version>3.17.0</version>
    <description>This plugin is used to display all events from a category within an article. Using syntax {ebcategory
        ID_OF_CATEGORY}.
    </description>
    <files>
        <filename plugin="ebcategory">ebcategory.php</filename>        
    </files>
</extension>
