<?xml version="1.0" encoding="utf-8"?>
<extension version="3.9.0" type="plugin" group="editors-xtd" method="upgrade">
	<name>Events Booking Event Detail</name>
	<author>Ossolution Team</author>
	<creationDate>December 2013</creationDate>
	<copyright>Copyright (C) 2010 - 2021 Ossolution Team. All rights reserved.</copyright>
	<license>GNU General Public License version 2 or later; see LICENSE.txt</license>
	<authorEmail>contact@joomdonation.com</authorEmail>
	<authorUrl>www.joomdonation.org</authorUrl>
	<version>3.17.0</version>
	<description>Display a button to make it possible to insert detail information of an event into an article.</description>
	<files>
		<filename plugin="ebevent">ebevent.php</filename>		
	</files>
</extension>
