<?xml version="1.0" encoding="utf-8"?>
<extension version="3.9.0" type="plugin" group="system" method="upgrade">
	<name>Events Booking - Offline Payment Handle</name>
	<author>Tuan Pham Ngoc</author>
	<creationDate>March 2019</creationDate>
	<copyright>Copyright (C) 2010 - 2021 Ossolution Team. All rights reserved.</copyright>
	<license>GNU General Public License version 2 or later; see LICENSE.txt</license>
	<authorEmail>tuanpn@joomdonation.com</authorEmail>
	<authorUrl>www.joomdonation.com</authorUrl>
	<version>3.12.1</version>
	<description>This plugin check and send reminder to registrants automatically certain days after registration completed to remind them to complete payment.</description>
	<files>
		<filename plugin="ebofflinepaymenthandle">ebofflinepaymenthandle.php</filename>		
	</files>	
	<config>
		<fields name="params" addfieldpath="/administrator/components/com_eventbooking/elements">
			<fieldset name="basic">
				<field name="last_run" label="Last Run Time" type="hidden" readonly="true" size="30" description="Store Last Run Time of the plugin" />
				<field name="cache_time" label="Cache Time (Minutes)" type="number" min="0" step="1" default="20" />
				<field name="number_days_to_send_reminders" label="Number Days To Send Reminder" type="number" size="30" default="7" description="Number of days (after registration/before event date) registrants will receive offline payment reminder" />
				<field name="number_days_to_cancel" label="Number Days To Cancel Registration" type="number" size="30" default="0" description="Number of days (after registration/before event date) registration will be cancelled if payment is not received" />
				<field name="number_registrants" label="Number Registrants" type="text" size="30" default="15" description="Number of registrants which we will process each time the plugin runs" />
				<field name="event_ids" type="ebevent" multiple="true" label="Events" description="If you want the process is handled for certain events only, select the events you want in this parameter. Otherwise, this plugin will process all events"/>
				<field
						name="base_on"
						type="list"
						label="Send Reminder and Cancel Registration Base On"
						default="0"
				>
					<option value="0">Registration Date</option>
					<option value="1">Event Date</option>
				</field>
			</fieldset>
		</fields>
	</config>	
</extension>