<?xml version="1.0" encoding="utf-8"?>
<extension version="3.9.0" type="plugin" group="installer" method="upgrade">
    <name>Installer - Events Booking</name>
    <author>Tuan Pham Ngoc</author>
    <authorEmail>tuanpn@joomdonation.com</authorEmail>
    <authorUrl>http://www.joomdonation.com</authorUrl>
    <copyright>Copyright (C) 2010 - 2021 Ossolution Team</copyright>
    <license>GNU General Public License version 3, or later</license>
    <creationDate>August 2016</creationDate>
    <version>3.12.1</version>
    <description>Allows the installation of Events Booking updates. This plugin MUST be installed for the Events Booking updates to be installed under your Joomla site. Otherwise you will see the updates but you will not be able to install them.</description>
    <files>
        <filename plugin="eventbooking">eventbooking.php</filename>        
    </files>    
</extension>