<?xml version="1.0" encoding="utf-8"?>
<extension version="3.9.0" type="plugin" group="system" method="upgrade">
	<name>Events Booking - Payment Reminder</name>
	<author>Tuan Pham Ngoc</author>
	<creationDate>Feb 2012</creationDate>
	<copyright>Copyright (C) 2010 - 2021 Ossolution Team. All rights reserved.</copyright>
	<license>GNU General Public License version 2 or later; see LICENSE.txt</license>
	<authorEmail>tuanpn@joomdonation.com</authorEmail>
	<authorUrl>www.joomdonation.com</authorUrl>
	<version>3.12.1</version>
	<description>This plugin check and send deposit payment reminder emails to registrants automatically</description>
	<files>
		<filename plugin="ebdepositreminder">ebdepositreminder.php</filename>		
	</files>	
	<config>
		<fields name="params">
			<fieldset name="basic">
				<field name="last_run" label="Last Run Time" type="hidden" readonly="true" size="30" description="Store Last Run Time of the plugin" />
				<field name="cache_time" label="Cache Time (Minutes)" type="number" min="0" step="1" default="20"/>
				<field name="number_days" label="Number Days" type="text" size="30" default="10" description="Number of days (before event date) registrants will receive deposit payment reminder" />
				<field name="number_registrants" label="Number Registrants" type="text" size="30" default="15" description="Number of registrants which we will send reminder each time the plugin run" />
                <field name="bcc_email" label="BCC Email" type="text" size="30" default="" description="If you want to receive a copy of reminder email so that you can keep track of reminder, enter the email you want here" />
			</fieldset>
		</fields>
	</config>	
</extension>