<?xml version="1.0" encoding="utf-8"?>
<extension version="3.9.0" type="plugin" group="content" method="upgrade">
    <name>Content - Events Booking Speakers</name>
    <author>Ossolution Team</author>
    <creationDate>Jul 2021</creationDate>
    <copyright>Ossolution Team</copyright>
    <license>http://www.gnu.org/licenses/gpl-2.0.html GNU/GPL</license>
    <authorEmail>contact@joomdonation.com</authorEmail>
    <authorUrl>www.joomdonation.com</authorUrl>
    <version>3.17.0</version>
    <description>This plugin is used to speakers of an event in Joomla article or any content which trigger content plugins.</description>
    <files>
        <filename plugin="ebspeakers">ebspeakers.php</filename>
    </files>
</extension>
